# user_id, [product_id:unit]
1,6:1;7:5;3:4;2:1;4:3
2,6:5;2:1;3:2;5:1;7:5
3,5:1;1:4;4:5;3:1;7:2
4,7:5;1:5;5:3
5,6:3;4:4;1:3;5:2;3:4;2:5;7:3
6,3:5;2:2;4:5;7:2
7,1:4;6:4;7:2;3:5;5:3;4:4;2:4
8,6:4;4:3;2:5
9,2:3;3:5;5:2;4:5;1:4
10,7:3;3:3;1:1;5:1;4:1;2:5
11,3:4;7:4;2:5;5:4
12,7:4;4:2;2:2;1:3;3:4;6:5
13,1:4;2:1;6:2;5:5
14,6:5;2:4;5:5;4:4
15,5:3;4:3;6:4;3:2;1:2;2:1;7:3
16,3:5;4:1;6:5;7:4
17,1:3;5:5;6:4
18,1:5;6:3;2:5;3:4;5:4;7:4;4:2
19,1:4;5:5;6:2;3:4;4:3;2:4;7:4
20,2:1;5:4;1:5
21,2:5;4:2;5:1;3:2
22,6:3;1:4;3:4;2:5
23,6:4;4:2;7:3;2:5
24,3:4;7:4;4:2
25,4:1;1:2;6:4;5:1;3:1;2:3;7:5
26,2:1;3:1;6:3;4:5
27,5:3;3:4;6:4;1:5
28,2:4;7:3;4:3;5:2;6:1
29,4:1;5:1;1:3;3:3;7:5;2:5
30,6:3;2:2;5:1
31,5:4;7:5;6:3;2:4
32,6:2;7:4;1:4;3:1;5:2;4:2;2:5
33,2:1;7:5;3:1;1:3;4:4
34,7:1;3:1;2:4;5:2;6:1;4:2;1:1
35,2:2;1:1;7:3;4:5;3:1
36,1:3;6:1;3:2;4:5;5:1;2:3
37,6:1;5:4;4:3;7:2;2:3;3:5
38,2:5;7:1;4:3;3:4;6:4;5:2;1:3
39,1:2;6:3;3:3;4:4;5:3
40,5:2;7:4;3:3;4:1;6:3;2:1
41,2:3;4:2;3:1;6:1;7:2
42,3:1;4:5;5:1;6:2;2:3;1:4;7:4
43,6:3;2:1;4:4;7:4;1:4;3:3;5:5
44,7:5;6:3;3:2;4:5;2:2
45,7:5;4:1;6:3;1:5
46,6:1;3:3;7:2
47,7:4;4:2;3:1;1:1
48,4:3;5:4;6:1;3:5;2:1;1:1
49,2:4;1:5;4:4;6:4;7:3
50,2:3;7:4;1:1;3:5;5:4
51,6:5;2:2;4:4;5:5;1:2
52,4:5;6:2;1:3;5:4;7:3
53,5:1;7:2;2:3;6:3;3:4
54,4:3;1:2;3:3;2:5;6:3;5:4;7:3
55,1:2;5:1;4:4;7:4;6:1;3:3;2:4
56,4:5;7:4;5:5;3:5;1:1;2:2;6:3
57,7:1;4:1;6:5;3:5;1:5;5:1;2:1
58,4:4;2:4;6:5
59,3:5;2:2;4:4;1:4;6:1;7:2;5:2
60,2:1;6:4;5:3;3:4
61,3:3;2:5;6:4;7:2;1:3;5:3
62,7:1;1:1;4:3;5:4;3:5
63,7:5;1:5;5:2;6:2
64,2:4;3:1;5:3;4:4;6:2;7:5
65,5:1;2:4;3:1;6:2
66,2:1;1:4;6:1
67,4:5;6:3;7:1;2:5;1:3
68,3:1;5:3;2:2;6:1
69,5:1;3:2;4:5;2:3;1:2;7:4;6:5
70,1:4;5:4;4:1;6:1;7:5
71,2:3;4:1;1:5;5:1;7:1;6:3;3:4
72,7:3;4:1;3:5;6:5;2:5;5:3;1:4
73,5:1;4:5;6:3;1:4
74,5:3;6:2;3:4;1:1
75,2:1;1:3;3:3
76,6:1;3:5;4:4;5:1
77,7:3;2:1;5:3
78,6:5;7:1;1:5;5:1
79,5:4;7:2;4:4;2:2;6:1;1:3
80,2:1;1:3;7:1
81,5:4;2:1;3:5;7:1;1:3;6:1
82,4:2;3:1;2:5;6:2;1:3
83,3:5;4:2;2:4;5:4;7:2;1:5
84,4:3;7:4;2:2;5:5
85,5:1;1:2;7:2;4:1;3:5;2:4;6:5
86,3:4;1:1;6:2;5:2
87,4:5;2:1;7:5
88,6:1;2:5;7:2;1:4;4:1;3:4
89,1:2;2:1;4:1
90,4:1;7:1;6:4
91,2:1;4:3;7:3
92,1:4;6:1;5:2;3:5;2:4;7:1;4:5
93,1:1;4:1;6:1;7:5;2:2
94,5:5;1:4;6:4;3:2
95,3:5;6:3;2:2;7:1;1:2;5:2
96,1:1;6:1;5:4;4:2;7:5;3:5;2:4
97,6:1;7:2;2:5
98,7:1;2:2;1:5;4:3;3:1
99,5:4;3:2;2:5;6:5
100,4:1;1:4;3:2;6:5
101,2:1;7:3;5:3;1:4;3:2
102,1:4;5:2;3:1;2:5;7:3
103,1:2;4:5;6:5;2:3;7:2
104,4:5;3:4;1:2;2:2;5:3;7:5
105,1:2;4:1;5:4
106,1:5;6:5;2:2;5:3;3:3;7:3
107,7:1;2:1;3:2;4:3;6:1
108,3:4;1:1;7:5;4:2;2:3
109,1:3;3:2;4:3;2:1;7:1
110,3:5;4:3;2:3;1:4;5:1;7:1
111,1:5;7:4;6:4;5:2;3:5;2:4;4:2
112,2:1;6:1;5:3;3:2
113,3:1;1:2;7:1;5:4
114,3:4;1:5;7:1;5:1;4:5;2:3
115,4:3;6:2;5:3;3:2;1:1;7:3;2:3
116,7:4;4:1;5:3
117,7:3;5:3;2:3
118,2:4;6:3;1:1;4:3;3:4;5:1;7:4
119,6:5;5:3;7:5;3:5
120,1:2;3:5;6:1
121,1:2;4:2;5:3;3:2;2:3;7:5
122,5:5;4:1;2:5;1:1;3:2
123,4:1;5:2;2:2
124,2:1;1:3;6:4;5:1;3:1
125,5:3;7:1;3:2;6:3
126,4:1;3:1;1:5;2:1;7:3;5:4
127,3:4;7:1;5:4;4:1;2:3
128,5:4;3:4;7:1
129,5:5;7:2;2:3;6:4;1:1;4:2;3:1
130,7:1;6:1;5:3;3:5;1:5;4:5
131,2:1;1:4;6:2;7:3;5:3;3:3;4:2
132,4:2;2:5;7:5;6:5;3:4
133,7:5;5:3;4:4;1:4;6:1;2:5;3:5
134,1:3;4:2;6:2;2:1;3:2;7:2;5:2
135,3:1;7:4;1:1;5:1;2:2;4:3
136,2:5;3:5;4:4;1:1;5:4;6:4;7:3
137,2:4;3:1;7:1;4:2;6:2
138,4:5;1:3;2:1;3:1
139,2:4;6:5;5:2;3:4;1:4;4:4;7:2
140,1:4;5:5;4:4;2:1;3:2;7:3
141,4:1;6:1;5:5;7:3;2:2
142,5:1;7:1;3:1;1:5;2:2;6:1;4:1
143,2:5;3:5;7:1;1:1;6:5;4:5;5:5
144,4:3;5:3;2:4;3:4;6:3
145,6:3;4:4;7:5;1:1;2:3
146,5:5;2:3;1:1;3:1;4:2;6:1
147,3:2;7:3;4:5;2:2;6:3;1:1
148,5:5;4:2;2:2;1:4;3:4;6:4
149,5:4;3:4;2:3;1:3
150,6:2;3:3;2:2;5:1;1:2;7:5;4:4
151,5:1;6:2;2:5;4:4;7:1
152,7:5;4:5;6:2;1:2;3:4;2:3
153,5:4;1:5;7:3
154,4:1;1:2;5:3;2:2;3:3;6:3;7:5
155,2:3;7:1;3:2
156,6:1;5:4;2:2;4:1;1:2;7:1;3:5
157,6:1;2:4;3:5;5:3;7:3;1:3
158,5:1;6:4;2:1;4:1;1:2
159,3:1;1:5;5:4
160,6:5;3:1;7:1
161,1:5;2:3;3:2;5:4;6:2;7:4;4:4
162,5:4;3:1;7:3;4:2;6:3
163,5:3;3:3;1:2;4:3
164,6:3;4:1;3:4;1:1;5:2
165,3:3;6:3;5:4
166,1:1;5:4;7:2;2:2;6:2
167,7:1;6:1;5:2;4:4;2:4;3:2
168,2:1;5:5;7:5;1:1;6:1;3:5;4:4
169,6:3;5:4;1:5;7:1;4:2;2:3;3:2
170,1:3;2:5;5:2;3:4;6:4;7:3;4:5
171,5:3;6:5;3:5
172,1:3;7:2;3:3
173,6:3;2:1;1:2;5:1
174,5:1;4:3;2:4;7:4;3:5;6:3
175,7:1;2:4;3:2;1:5
176,7:3;1:1;2:4;3:2;5:5;4:5;6:4
177,6:2;1:1;4:4
178,7:2;3:4;1:3;6:3;5:5;2:3;4:5
179,6:2;4:4;5:1;2:1;7:3
180,2:2;4:3;5:3;1:5
181,7:1;2:4;4:2;6:4;3:4;5:1;1:1
182,3:3;7:1;5:5;6:3
183,4:5;6:5;3:2;2:4
184,1:2;4:4;3:4;7:2;2:2
185,1:4;7:1;3:5;6:4;2:5;4:2;5:2
186,3:3;1:4;4:1;2:4;6:3
187,2:5;7:5;3:1;6:1;4:5;1:4
188,4:4;2:2;1:4;5:4;7:4
189,7:5;6:4;4:3;2:2;1:1;3:1;5:5
190,4:3;7:2;3:1;6:3
191,4:4;1:1;3:3
192,6:2;3:4;4:1
193,7:3;3:5;2:3;4:3;6:1;5:2
194,4:3;5:3;6:1;2:2;1:4
195,7:1;3:4;6:1;4:2
196,7:2;3:5;5:4;2:2;6:2
197,2:1;3:4;7:2;1:1;5:2
198,1:2;4:2;2:2;5:2;3:1;6:5;7:4
199,5:4;7:5;1:4;6:5;2:1
200,4:5;7:5;3:3;1:3;2:3;5:4
201,3:2;5:4;6:3;7:1;2:4;4:4;1:3
202,1:4;5:2;4:3;3:5;7:5;6:2;2:4
203,7:4;4:5;2:5;5:1
204,3:5;1:2;5:4
205,7:3;5:3;4:1;6:1;3:3
206,3:5;2:5;4:5
207,7:2;6:1;1:5;2:5;5:3;4:5
208,3:1;5:5;1:1;7:1;4:5
209,6:5;2:1;7:2;4:1;5:2;3:2;1:1
210,1:1;6:2;3:1;7:4;5:2
211,2:5;7:3;6:1;3:2;5:2;1:5
212,7:5;2:5;1:2;4:2;5:1;6:3;3:2
213,5:1;1:3;3:4;6:5;7:4;4:2
214,4:4;2:5;5:4
215,3:1;4:2;5:5;2:4;7:2;6:1;1:1
216,3:3;4:4;1:2;6:3;2:2;7:4;5:5
217,1:2;7:4;4:3;2:1
218,5:5;1:3;2:4;6:1;3:4;4:3
219,6:5;4:5;5:1
220,4:4;6:5;7:4;5:5;3:2;1:4
221,5:5;4:3;6:1;1:2;2:3;7:4
222,6:4;4:1;1:4;5:4;3:2
223,3:5;4:2;5:2;6:5;1:4;7:1
224,1:1;6:3;5:2;3:4;4:4;7:5;2:2
225,1:5;2:3;6:2;4:4;7:1;3:3;5:1
226,5:5;2:4;7:4
227,5:3;6:4;4:4;3:4
228,4:4;2:4;3:4;5:5;1:4;7:4
229,1:3;5:5;7:3;3:4;4:3;6:1
230,5:2;6:4;2:3
231,2:5;7:4;4:1;1:3
232,4:1;5:5;3:4;6:4
233,7:2;3:3;1:3;6:1
234,6:4;3:4;1:3;4:4;5:4;2:5
235,3:1;7:3;5:5;2:3;6:4;1:2
236,7:5;1:1;2:5;6:5;3:4;5:4;4:4
237,6:4;3:1;5:3
238,6:2;3:1;5:3;7:2;2:1;1:5
239,1:5;6:5;4:3;3:1;2:1;7:5;5:2
240,2:2;6:1;1:5;3:3;4:1;5:4;7:3
241,2:5;5:2;7:5;3:5;1:1;4:1
242,2:4;3:2;5:2;1:3;7:2;4:3
243,3:5;4:1;5:5;1:2;2:2
244,4:5;2:1;5:2;7:2;3:2;1:2;6:2
245,2:4;3:2;1:3;4:5;7:5;5:4
246,5:4;7:5;1:5;4:3;2:3;3:3;6:5
247,4:2;5:2;2:3;6:5
248,5:5;3:5;6:3;4:1;7:2;2:5;1:3
249,4:3;2:5;6:1
250,5:5;3:4;2:2
251,2:4;5:4;7:1;6:5
252,5:1;6:1;2:2;7:2
253,3:2;7:4;4:2
254,6:3;3:1;5:2
255,3:3;4:2;5:2;1:4;6:5;2:3;7:5
256,7:2;2:5;5:1
257,5:4;1:2;4:5;7:3;6:5
258,5:3;4:1;3:4;1:1;2:3;6:2;7:4
259,4:1;1:1;7:3;5:4
260,6:4;7:1;5:3
261,2:1;4:5;3:3;5:5;7:2
262,6:5;1:2;2:3;4:4
263,4:1;7:4;1:3;6:4;5:5
264,5:3;1:2;4:3;3:2
265,1:2;6:3;7:1
266,5:1;7:3;4:5;3:3;2:5
267,5:3;3:2;6:4;4:4
268,3:3;2:2;5:2;1:1;6:3
269,5:3;6:2;2:3;4:1;1:2;3:3;7:1
270,5:4;3:2;6:5;4:5
271,7:2;2:2;6:4;5:4;3:4;1:2;4:2
272,7:5;4:5;6:5;3:3;5:3
273,1:4;3:2;7:3;5:1;6:3
274,6:4;4:1;3:5
275,4:1;6:2;2:2;1:5;7:3;5:3
276,7:3;2:2;1:4;5:4;6:5;4:4
277,5:2;6:3;1:1;2:5;3:5
278,1:3;5:2;6:4;3:2;2:2;7:3
279,6:2;1:1;7:3;5:4;3:5
280,6:1;2:4;4:3;7:1
281,3:1;2:3;4:5;7:3;1:3;6:4
282,2:2;3:3;6:1;5:2
283,5:4;2:3;3:3
284,7:1;3:1;2:1;4:3;5:3;6:3
285,4:4;3:2;2:3;1:1;6:3;7:5
286,3:5;7:5;6:1;1:3
287,6:5;2:3;4:1;5:1;7:5
288,2:1;4:5;3:3;6:2
289,1:4;7:5;5:5;6:3;2:5
290,2:5;6:2;5:1
291,4:2;7:5;1:5;6:5
292,5:1;2:5;4:1
293,5:4;7:2;6:3;3:4;1:2;4:1
294,4:5;6:5;7:5;5:1;2:2;3:1
295,2:1;1:2;7:5;4:5;6:4;5:1;3:1
296,6:3;3:5;4:4;7:1;1:4
297,6:1;2:5;3:4;1:1;4:3;7:2
298,1:3;5:3;3:1;2:2
299,5:3;2:5;7:5
300,6:1;2:2;4:4
301,6:1;3:5;1:1;7:5
302,7:2;1:1;5:1
303,5:5;7:5;4:4;2:4;6:4
304,2:4;4:1;7:4
305,5:1;4:3;6:2;7:3
306,2:2;3:3;1:5
307,2:2;7:3;6:1;4:3;3:1;5:3
308,5:3;3:5;6:2;4:5;2:2
309,5:1;7:1;3:5;4:4;6:1;1:1;2:4
310,1:2;5:5;7:5;3:1
311,1:3;4:2;6:1
312,7:1;3:1;5:1
313,6:1;3:3;2:4;4:3;7:1
314,2:2;4:3;6:5;7:4;1:1;3:1
315,5:3;3:5;2:3;4:3;7:1;1:2
316,4:2;5:1;3:3;2:2;1:5;6:2;7:3
317,1:4;6:3;3:5;7:5;5:5;2:1
318,7:4;5:4;6:4
319,6:3;5:2;1:3;2:1
320,1:2;5:1;4:2;2:1
321,4:4;3:2;6:2
322,6:1;7:5;5:4
323,1:3;6:1;7:3;2:2;4:2;5:3
324,4:3;1:4;6:4;7:5;5:3;3:4;2:4
325,6:2;1:3;5:3;2:4;3:4;7:4
326,6:3;3:3;1:4;7:3
327,5:5;6:4;2:4
328,1:2;7:4;2:4;3:3
329,1:2;7:3;2:5
330,6:3;2:4;7:1;4:2;1:4
331,5:5;2:3;4:2;1:5;3:5;6:2
332,3:4;2:2;1:2;5:1;7:5
333,5:3;6:3;2:5;4:4;1:4
334,6:4;4:3;3:4;2:3;1:3;7:2
335,2:1;4:5;5:3;1:1;3:1
336,1:2;4:5;2:3;6:1;5:5;7:3
337,7:3;4:2;1:2;5:1;3:2;2:4
338,4:5;1:2;5:2;6:4;3:2
339,3:5;5:1;1:5;6:2;2:4;4:3;7:1
340,4:1;3:4;5:5;6:3
341,3:2;4:1;1:3;5:4;6:2
342,6:2;4:3;5:5;2:3;7:1
343,2:1;7:4;3:3
344,1:1;2:5;3:3
345,6:5;1:1;5:2;4:2;7:2;3:1;2:3
346,1:1;3:5;7:5;6:1
347,4:5;1:1;7:3;3:1;5:5
348,1:4;7:4;3:5;6:3;5:1
349,5:5;3:5;6:3;1:1;4:3;2:3;7:2
350,5:3;1:5;7:4
351,4:4;7:2;1:3;2:5;3:4;6:2;5:2
352,2:5;4:4;6:4
353,7:3;6:1;4:3;5:2
354,1:4;2:3;5:1;4:1;6:1
355,7:1;2:3;1:2;6:4
356,6:3;1:2;3:2;5:3;2:5;4:2
357,1:5;4:1;5:4;7:1;2:3;3:4
358,4:3;2:5;6:5;5:1
359,1:2;6:3;5:4;7:2;4:1;3:4
360,4:1;6:1;1:2;7:5;3:1
361,1:2;5:1;6:3;3:3
362,7:3;1:4;6:3;5:4
363,7:4;5:1;2:4;3:2;6:3
364,3:2;4:3;6:1;5:5;1:4;7:5;2:5
365,1:2;4:4;6:2
366,5:1;1:5;4:2;7:1;2:2
367,4:4;2:2;1:5;7:4
368,4:1;5:4;6:2;3:3;7:1;2:1;1:5
369,2:4;3:1;5:3;6:2;1:5;7:1
370,4:1;7:5;6:5;5:5;2:1
371,6:5;5:5;1:3;7:3;4:2
372,3:4;7:2;1:1
373,7:3;3:3;1:5;6:2;2:1;4:4;5:3
374,6:1;4:1;1:4;5:3;7:2;2:3;3:3
375,3:1;2:1;1:4;4:4
376,1:5;7:2;3:3
377,6:5;5:2;3:4;1:5;4:2
378,3:2;4:1;6:3;5:2;7:4;1:2;2:1
379,1:3;2:2;3:3;4:4;7:1;5:3
380,3:3;6:3;4:4;1:2;2:1
381,5:3;4:4;7:2;1:5;6:2;3:4
382,5:1;4:1;6:2;2:3;1:2;3:3;7:2
383,7:2;2:1;1:4;5:5;4:1
384,3:2;7:4;4:2
385,4:5;5:1;1:5;2:1;6:1;7:1
386,7:4;4:2;3:1;6:4
387,1:5;2:3;7:2
388,2:1;5:1;6:1;7:3
389,3:1;7:2;4:5;2:2;1:5
390,6:4;2:4;1:4;5:3;3:2
391,2:1;3:2;7:3
392,6:4;5:2;1:2;2:1;7:1
393,6:2;5:3;7:1;2:1;1:1
394,2:5;3:2;6:2;1:4;7:3;4:1;5:4
395,1:1;5:5;2:5
396,6:4;3:1;5:2;4:4;1:2
397,4:4;2:3;6:1;1:5;3:2;5:3;7:4
398,3:2;4:3;7:5;6:5;5:1
399,5:1;2:3;6:4;3:2
400,7:2;4:1;2:1
401,1:2;2:3;4:4;7:3
402,4:1;1:5;7:3
403,3:2;4:4;1:3
404,7:1;5:1;6:3;3:1
405,2:5;6:5;7:3;5:5;1:5
406,3:2;2:4;6:3
407,7:5;3:3;5:4;6:5;4:1;2:1
408,7:4;5:5;6:1
409,4:1;5:2;1:3;3:1;2:5
410,2:5;3:1;4:4;5:3;6:4
411,7:1;2:4;1:2;6:4;5:4;3:4
412,7:5;1:4;5:1;3:2;6:2
413,3:3;4:4;2:3;1:5
414,3:3;1:3;7:4;5:5;6:1;2:4
415,6:1;1:2;7:2;3:2;4:5;5:1;2:4
416,1:5;6:1;7:5;4:5;2:3;3:1
417,7:5;2:4;3:1;5:1
418,2:5;7:4;6:1;4:3
419,5:1;6:3;4:4;7:3;1:2;3:1;2:2
420,5:1;7:4;1:5
421,2:3;7:3;3:3;1:4;6:1;5:5
422,3:3;1:3;4:1;7:1;6:4;2:5
423,3:1;4:5;2:1;5:2
424,4:4;3:2;1:1;5:4;7:3;6:2
425,5:2;6:3;1:1;3:2
426,4:3;5:3;1:3;2:4;3:2;7:5
427,7:2;5:3;3:4;2:2;4:5
428,2:3;6:4;1:4;4:2;3:2;7:1
429,1:1;6:4;3:1;7:3;2:3
430,1:1;6:2;7:2;2:1;3:3;4:3
431,2:2;6:4;7:5;5:1
432,3:5;6:5;1:5;2:1;7:2
433,1:2;2:2;6:2;7:3;5:2
434,6:5;5:1;1:4;4:1
435,5:3;3:5;7:1;1:4;2:3
436,1:2;6:5;3:3;2:3;5:2
437,4:4;5:5;6:5;2:3;3:4
438,1:1;5:1;3:2;4:5;7:1;2:3;6:2
439,7:2;1:4;2:5
440,5:4;3:4;7:3
441,7:3;5:1;3:1;1:3;2:3
442,2:1;6:4;7:1;1:1
443,2:2;7:3;4:4;6:5;5:1;1:5
444,2:5;3:2;1:1;6:4
445,7:3;6:2;1:1;2:3
446,6:5;2:3;7:2;3:5;4:2;1:5
447,6:5;4:1;1:5;7:2;2:3;3:4;5:5
448,5:2;3:3;6:1;7:3;2:4;4:5;1:5
449,7:3;1:4;3:4;4:4
450,2:2;1:3;4:1;6:4;5:2
451,2:3;3:5;7:1;6:3;1:4;4:1;5:3
452,4:1;7:4;2:3;5:4;1:1;6:3;3:3
453,6:5;4:5;3:2;5:4;2:1;7:2;1:1
454,7:4;4:1;3:3;1:4;5:3;6:2;2:3
455,2:3;4:2;3:2
456,3:4;2:4;7:5;6:2;5:5;1:1;4:1
457,3:3;4:5;6:2;7:3;1:3;2:1;5:5
458,1:4;2:4;5:4;3:4
459,5:4;1:1;6:1
460,5:5;7:5;4:3;2:4;1:5;3:4
461,6:2;4:3;2:5;3:2;5:1;7:2
462,1:5;4:1;2:4;7:1;3:3;6:5;5:2
463,6:5;4:2;1:3;3:4;7:3
464,7:5;3:3;2:1;1:4
465,4:3;7:3;6:2;5:3;2:3
466,3:1;7:5;1:4;5:4
467,2:5;6:5;4:2
468,7:3;1:2;6:2
469,2:3;5:3;7:4;3:2;1:2
470,7:4;6:4;5:2;1:3
471,5:3;7:4;2:5;3:5;4:1;6:3
472,3:1;1:3;7:3;6:1;4:4;5:3
473,4:5;7:3;5:4
474,7:1;6:2;2:3;1:5
475,2:3;5:1;7:2
476,5:2;6:4;7:4;1:2;3:3;2:1
477,4:1;6:3;5:3;3:4;2:3;7:1;1:5
478,5:3;6:3;7:4;4:1;1:1
479,2:5;7:3;1:5;6:1
480,2:2;1:4;4:5;7:5;3:5
481,4:4;2:2;1:1;5:1
482,4:1;7:1;1:5;5:2
483,1:4;2:5;7:2;3:4;6:3;4:2
484,6:4;2:3;5:5;4:5
485,6:4;5:2;7:4;1:3;2:3;3:2;4:4
486,3:1;4:2;1:4;2:1;5:5
487,3:1;1:1;7:5;5:2;6:5;4:5;2:1
488,2:2;5:5;6:4;3:2
489,2:4;4:5;6:4;1:2;3:4;7:2;5:1
490,6:1;4:1;1:4;7:2;5:1;2:3
491,2:5;4:5;6:2;3:5
492,2:3;3:3;6:5;4:1;7:3;1:1;5:4
493,6:2;7:1;4:3;2:3;5:3
494,5:3;3:1;7:3;2:2;6:3;4:3
495,4:4;3:4;2:2;5:2
496,5:4;7:2;6:4;2:4;4:3;3:4;1:5
497,6:5;2:3;3:3;7:4
498,5:1;3:3;4:1;7:3;2:1
499,7:5;2:1;3:4;1:5;6:4;4:3;5:3
500,5:2;2:2;1:2;7:3;4:5
501,6:5;2:1;1:2;7:5;3:3;5:1
502,4:2;5:2;3:5;1:5;7:5;2:2;6:3
503,6:3;2:4;7:5
504,6:3;4:1;7:5;3:1
505,7:4;1:1;5:4;4:2;6:1;2:5
506,1:5;5:3;6:5;3:2;4:5;2:4
507,4:4;3:3;2:3;6:4
508,3:5;1:4;5:3
509,3:4;2:4;1:3;7:1;4:4
510,5:2;2:4;6:1;3:1;7:1;4:4;1:5
511,3:2;7:2;1:3
512,6:3;3:3;7:1
513,7:5;1:4;4:1
514,7:2;5:5;6:4;4:5
515,1:5;2:1;3:4;4:2;6:5;7:4
516,7:1;3:5;6:4;2:3
517,4:1;5:1;6:4
518,7:1;5:2;2:5
519,4:5;2:4;1:1;3:5;5:2;6:5
520,6:2;4:3;7:1;5:3;2:3;3:3
521,7:3;1:1;4:2;2:5;5:5
522,3:2;7:3;2:3;4:2;1:5
523,3:1;7:2;5:5;6:2;4:3
524,1:1;3:5;4:1;6:5
525,3:3;7:4;5:1
526,1:2;6:3;7:4
527,7:2;5:1;6:5;2:5;3:1;4:4;1:2
528,4:2;7:4;2:1;5:1;6:4;1:3;3:4
529,3:2;2:2;5:1
530,6:5;7:3;5:5;2:3
531,5:3;6:5;3:1
532,4:5;5:5;1:5;3:3;6:4;2:1;7:5
533,4:4;3:3;1:1;6:3;7:4;2:3
534,6:4;7:3;2:1;3:2
535,4:4;3:5;2:2;5:1;7:4;6:4
536,4:2;6:2;5:4
537,2:5;3:3;4:1;6:5;5:5;7:1
538,2:5;1:1;5:4
539,4:4;3:5;7:2
540,5:4;6:2;1:3;7:1;3:1
541,1:5;4:5;6:3;2:3
542,3:2;1:4;7:5;2:4;5:5;6:3;4:2
543,4:3;2:3;5:3;3:2;1:2
544,6:3;2:1;4:5;1:4;7:5;3:2
545,6:5;2:2;1:1;7:4;4:1
546,3:1;6:1;1:4;2:4;7:1
547,7:4;4:1;6:2;5:4;3:5;2:4
548,3:3;2:1;7:5;5:4
549,4:4;7:1;3:3;5:1
550,3:5;5:2;6:3;4:1;2:3;7:1
551,5:1;3:3;6:2;4:5;1:4;7:4;2:1
552,4:3;6:2;7:3;3:2;1:1;2:4
553,5:3;4:2;7:3;1:3;6:4;2:2;3:4
554,2:1;5:4;1:4;4:1;7:1
555,4:1;6:2;1:2;2:3
556,2:3;3:5;7:2;1:3;4:4;6:2
557,2:1;7:4;3:2;5:2
558,2:5;6:1;4:4;3:4;5:2;7:1;1:3
559,3:4;5:2;4:1;1:2
560,7:3;3:4;1:3;5:4
561,2:2;3:1;4:4;1:2
562,6:1;4:2;7:2;2:1;3:5;5:3
563,7:1;5:1;2:2;1:5;4:5;6:3
564,7:2;3:4;2:5;4:4;5:2
565,1:1;2:2;5:5;6:4;4:2;3:5
566,1:5;6:3;4:1;3:2;5:5
567,2:4;6:5;1:5;3:5;4:2;5:5;7:3
568,1:3;4:4;3:2;2:4;6:5;7:1
569,6:2;3:2;4:3;1:4;5:4;7:3;2:2
570,2:3;7:2;4:4;3:5
571,4:5;7:1;6:4;2:5;1:4
572,7:4;5:3;6:4;2:2;4:1;3:4;1:1
573,4:5;5:1;2:1;6:4;3:5;1:4;7:1
574,4:2;3:1;6:4;7:3
575,1:2;3:3;6:4
576,5:2;1:5;2:3;3:4;7:5;6:1;4:4
577,7:3;6:4;4:5
578,3:5;2:2;4:2;1:4
579,1:4;2:2;5:5;7:3;3:1;4:4;6:2
580,7:3;1:2;4:5;3:2
581,3:5;1:4;7:3;4:4;5:3;6:3
582,5:5;3:1;7:3;2:3;4:3
583,5:5;1:1;2:5
584,1:5;3:4;4:5
585,3:1;7:3;6:2;5:3;1:2
586,6:3;7:2;2:4;4:4;1:2;3:2
587,2:3;7:4;1:4;5:3;4:3;6:3;3:3
588,4:3;6:4;3:1;7:5;5:1;2:2
589,7:1;4:3;5:4;3:1;6:1
590,2:5;7:3;4:5;6:2
591,1:2;7:3;5:3
592,5:2;7:4;3:5;2:3;6:2;4:3
593,6:4;5:4;4:5;3:2;1:2;2:3
594,1:1;2:1;7:3
595,7:2;6:5;1:3;4:2;2:1;5:2;3:2
596,4:3;1:1;7:3;3:1;5:3
597,4:1;6:4;7:3
598,1:5;6:3;2:5;3:3;4:3;5:2;7:3
599,4:4;6:5;2:5;3:2
600,2:4;1:5;5:4;4:2;7:4
601,4:5;2:5;3:1;5:1;1:1
602,3:5;4:2;6:4;2:4
603,7:3;1:3;4:4;5:5;3:5;6:3;2:2
604,5:2;1:3;3:2;7:5
605,3:1;2:2;7:3;6:5;1:1;5:4;4:5
606,3:3;5:4;7:2
607,4:2;2:3;1:4;5:5;3:5;7:2;6:2
608,5:3;6:4;3:4;2:2;7:3
609,2:5;5:5;1:2
610,5:5;1:5;2:1
611,1:4;7:5;2:5
612,5:1;6:2;4:3;2:2
613,4:2;2:5;3:1;7:1
614,3:2;6:3;7:2;4:2;5:5
615,6:2;3:1;7:4;1:5;4:2;5:1;2:5
616,4:3;5:4;6:3;2:5;7:4
617,7:1;1:3;5:2;6:2
618,5:1;1:5;7:5
619,2:4;5:5;6:4
620,4:5;1:4;5:2;3:5
621,5:1;2:5;6:1;3:5;7:5;1:2
622,5:4;1:1;2:1
623,1:3;7:4;3:4;5:4;2:5
624,4:4;6:4;3:4
625,1:2;6:1;2:3;7:5;3:1;4:4
626,2:3;6:5;4:2;3:2
627,3:3;4:4;2:4;7:1;1:1
628,7:4;3:2;5:5;2:4;6:2;4:3;1:4
629,3:2;5:4;2:4;4:3;7:5;1:5
630,4:1;5:5;1:1;6:5;2:5
631,7:2;3:3;1:5;5:4;6:4;4:1;2:3
632,2:4;3:1;4:4;6:5
633,3:3;4:3;1:5;5:1;6:3
634,5:4;6:5;1:1;7:2;2:5;3:1;4:4
635,5:1;1:1;4:4;2:5;6:5;7:5
636,2:1;7:4;4:2
637,6:3;5:1;2:4;4:3;3:4;1:5
638,7:4;4:4;6:3
639,2:5;7:4;1:1;3:3;4:4
640,4:3;2:2;7:3;5:2
641,6:4;1:5;7:4;3:1;5:5
642,7:4;3:2;1:2;4:5;6:4
643,1:5;6:3;3:3;7:1;2:1;4:2;5:5
644,5:1;7:3;4:1;3:3;6:5;2:3;1:2
645,5:4;7:2;2:5;3:2;6:2;4:3;1:5
646,6:2;7:4;2:1
647,7:2;3:3;4:2;2:2;5:2;6:5
648,2:3;3:1;6:3;4:5;7:4;1:3;5:3
649,7:2;4:4;2:5
650,2:4;1:5;3:4;5:1;6:4;7:3
651,1:5;4:2;3:5;7:2;5:1;6:2
652,3:2;7:3;5:5;4:3;1:2
653,7:2;6:4;5:5;3:2;1:2;4:2
654,7:1;2:4;6:2;4:2;5:1;3:4
655,1:5;4:2;2:3
656,5:4;1:3;4:1;6:1;3:4;2:4
657,6:3;4:3;3:4;5:5;7:2;1:5;2:5
658,5:4;3:1;2:2;6:1;4:2;1:1
659,2:1;6:4;1:2;4:3;3:1;5:4;7:1
660,7:1;3:1;6:1;4:3
661,7:5;2:3;4:1
662,7:1;4:3;1:2
663,5:2;2:4;7:3;1:5;4:2;3:5;6:2
664,1:2;5:3;4:1;2:2;7:3
665,3:5;6:3;1:4
666,3:1;1:2;2:1;6:3;5:1;7:5;4:1
667,2:3;4:2;1:1;7:2;5:3;3:5;6:3
668,2:4;7:1;3:4;6:4;5:5;1:1;4:5
669,6:1;4:4;7:5;1:1
670,2:3;4:5;1:5
671,3:2;1:4;7:1;5:1;6:2
672,5:4;4:4;2:4
673,4:5;1:2;7:3;2:2;5:1
674,7:5;6:1;1:3;4:3;2:1;3:1
675,4:4;6:1;5:1
676,6:3;5:4;2:2;1:2;3:2
677,5:1;7:2;3:1;1:4;4:1
678,7:1;5:3;4:2
679,3:3;7:2;4:4;2:5;5:1;6:5
680,4:2;3:5;1:4;5:5;7:4;2:1;6:5
681,7:5;4:2;5:3;1:2;2:3
682,4:4;2:1;7:2;5:3;6:3;1:3;3:2
683,5:2;2:5;1:3;6:3;7:2;4:3;3:2
684,2:3;4:1;6:4;3:1;7:2;1:3;5:3
685,2:1;5:2;3:1;7:5
686,1:4;6:1;2:2;4:1
687,6:3;3:4;2:4
688,6:3;7:1;1:4;5:4;3:5;4:1;2:2
689,7:5;3:3;4:2
690,1:1;4:3;3:1;6:1;2:4;5:5
691,1:1;4:1;6:4;2:1;5:4
692,3:3;1:5;5:4
693,1:4;2:2;4:2;5:4;7:3
694,4:5;5:2;3:4;7:1;6:2;1:5;2:5
695,1:3;5:1;4:3
696,6:5;4:5;7:1;2:4;1:3
697,7:1;5:4;1:1;3:4
698,4:2;1:3;2:2;5:2;3:5;6:3
699,4:1;6:5;3:3;1:1;2:5;7:4
700,3:5;7:2;5:1;4:4;6:2
701,1:5;2:2;5:4;7:4;6:3
702,5:5;1:1;3:1;2:4;7:4;4:5
703,1:1;3:1;6:5;4:1;5:2;7:4;2:1
704,4:1;3:3;7:5;6:5;1:5;5:5;2:1
705,4:2;7:1;6:2
706,7:3;4:4;2:5;5:1;1:4;3:4
707,6:3;7:2;2:3;4:4
708,1:5;2:2;6:1;7:4;5:1;3:4
709,7:4;6:2;1:1;5:1;4:1;2:4
710,2:2;7:4;3:1;6:1
711,1:5;4:5;2:2;5:4
712,4:2;3:2;6:5
713,1:5;6:4;7:3;2:2
714,7:5;3:2;2:2;4:3
715,5:1;2:2;7:1;3:3;6:4;1:5
716,7:2;1:5;5:4;4:2;2:1;3:4
717,4:2;5:2;6:4;3:1;1:2
718,7:1;5:2;6:4;4:1;3:4;2:4;1:5
719,6:4;4:2;3:4
720,1:4;7:3;3:3;5:4;4:3;6:1
721,7:4;6:4;2:5
722,6:1;7:1;4:2;1:3;3:2;5:3
723,2:3;6:3;3:1
724,5:2;1:5;2:3
725,2:4;6:3;7:3;1:2;4:1;3:1;5:5
726,2:1;4:2;6:1
727,2:1;5:1;7:2
728,1:4;3:5;5:1;6:3;4:1
729,2:4;1:1;7:5;4:5;6:5
730,4:1;1:1;6:2;3:3
731,2:4;7:2;3:1
732,2:1;3:3;4:3;5:4;7:4;1:3;6:3
733,4:3;3:4;1:4
734,7:1;2:5;4:4;1:3;3:2;6:1
735,6:1;3:2;2:1
736,6:3;3:2;7:5;5:3;1:3
737,3:3;6:3;5:4;2:3;7:2;4:4
738,5:4;7:5;1:2;4:5
739,7:1;1:5;2:5;5:1;3:5;6:2
740,1:2;2:2;3:5
741,6:1;4:5;5:4;7:2;3:4
742,6:4;1:1;4:2;5:5;2:2;7:4;3:1
743,1:5;7:2;3:2;5:1;4:4;2:4;6:1
744,7:3;6:3;4:4;5:5;2:3;3:5;1:3
745,1:5;3:5;5:5;6:2;2:4;4:2;7:4
746,6:3;3:1;1:2;7:2;5:2;4:3
747,3:5;5:4;2:2;4:1;7:5
748,5:3;7:4;1:5;3:1;6:3;4:2
749,2:1;1:1;5:1
750,7:4;6:2;4:2;1:1;5:3;3:3;2:4
751,3:1;4:1;6:5;2:3;5:4;1:4;7:3
752,2:4;7:2;1:1;6:4;3:4
753,5:1;3:1;6:4;1:1;4:3;7:1
754,3:4;1:1;4:5;2:2;7:1;5:3;6:1
755,3:4;4:2;1:4
756,3:5;6:1;1:1;5:1
757,7:2;2:3;4:1;1:5
758,5:1;6:2;4:1;2:3;7:1;3:1
759,1:5;6:4;7:4;4:2;5:4
760,7:1;1:2;5:2;3:4;6:5
761,3:1;2:5;1:5;4:5;6:2
762,6:5;5:5;1:3;3:5;7:1;4:5;2:1
763,4:3;1:1;7:4;2:5;5:2;6:5
764,6:5;1:3;5:4;3:1;2:4;4:1;7:2
765,1:1;4:5;3:5
766,5:2;4:4;3:5
767,7:1;4:5;2:1
768,4:2;3:5;5:4;6:3;2:4
769,3:5;7:1;1:5;2:3;4:3;6:2
770,2:3;7:5;5:4
771,4:2;5:5;2:1;6:1;3:5;7:4
772,3:5;1:2;2:2;5:3
773,4:5;5:2;6:3;7:4
774,4:1;6:1;2:4;1:2
775,7:1;6:2;4:3;3:3;5:2;1:5
776,3:2;6:5;1:4;5:3;7:5;4:4;2:1
777,2:1;5:1;3:5;1:5;4:2;6:2
778,7:5;3:5;5:2;4:3;6:4
779,4:4;2:4;7:5
780,6:3;3:3;1:5;2:2;5:2
781,6:4;5:5;4:5;3:2;2:2;7:4;1:3
782,6:4;2:1;4:2;3:5;7:5;1:3
783,1:3;2:5;5:1;3:3;7:3
784,1:2;5:4;2:1;4:2;6:1
785,2:5;3:2;7:5
786,3:5;1:2;4:1;5:5;7:4;2:5;6:5
787,3:1;7:2;2:5;6:4;5:1;1:2
788,4:2;3:3;7:3;2:3;1:5
789,1:1;3:2;4:1;2:3;6:4
790,5:1;1:2;3:1;7:2;6:2
791,4:2;6:1;7:5;2:5;3:2;1:4;5:4
792,4:4;6:1;7:2;1:3;2:1;3:1;5:5
793,7:4;4:2;1:5;2:3;3:5;5:1
794,5:3;1:3;7:5;6:2;3:1
795,6:3;7:4;3:3;5:3
796,2:1;1:1;7:3
797,3:4;5:1;7:3;6:2
798,6:2;5:2;7:3;3:4;1:3
799,5:1;7:5;1:1;4:2;2:2;6:2;3:4
800,3:4;4:3;2:3;1:2;7:3
801,1:3;4:5;7:5;2:3;5:5;6:2;3:2
802,3:5;7:2;1:4;4:3;5:1;6:4;2:5
803,4:2;2:1;5:4;6:5
804,6:2;2:2;4:2;1:5;5:5
805,7:3;4:5;6:4;2:1;1:5;5:5;3:4
806,6:3;2:1;5:1;3:4;4:4
807,7:5;5:1;6:5;2:1
808,5:1;4:4;2:3;1:4
809,5:3;4:2;2:4;1:1
810,5:5;2:1;3:5;7:5;1:2
811,2:4;7:1;3:4;4:1
812,5:4;1:5;7:3
813,7:1;2:5;1:1;3:1;6:2;5:2
814,6:1;5:3;1:5
815,4:1;5:4;6:1;2:1;7:2;1:5
816,1:4;7:1;6:5;4:3;2:5
817,3:5;4:3;5:5;7:1;1:2;6:4
818,1:5;5:5;6:5;3:2;7:4;4:1;2:1
819,4:1;7:1;5:3
820,5:3;4:2;6:4;3:3;7:3;1:1
821,6:5;1:3;4:4;7:3
822,6:1;7:1;4:3;5:3;2:5;3:5;1:4
823,1:5;2:2;4:4;5:5
824,7:4;2:2;6:5;4:5;3:5;5:4;1:1
825,4:2;1:5;5:2
826,2:5;5:5;7:3
827,1:2;5:4;7:3;4:4;6:5;3:2;2:5
828,2:4;3:5;4:1
829,3:4;5:5;1:2;2:4;6:5;7:5;4:5
830,3:5;6:4;5:1;2:2;1:2
831,2:3;1:5;7:3;6:4;5:4
832,1:1;5:2;4:4;6:4;3:5;2:3;7:5
833,6:5;7:2;2:5;3:1;4:1
834,4:3;1:2;7:3;5:4;3:5
835,3:5;2:1;6:3;4:1;5:5;7:1;1:1
836,5:4;7:2;6:4;3:3;2:3;1:1
837,7:1;4:1;1:4;6:2;2:3;3:1;5:3
838,3:1;4:4;2:5
839,4:5;6:1;5:1
840,4:3;5:1;2:3;3:2;1:1;7:3
841,5:5;2:3;6:1;7:1;3:3;4:5;1:2
842,3:4;4:1;1:5;2:5;7:5
843,7:2;5:2;3:3;1:2
844,7:5;5:4;1:4;4:1;3:4
845,4:1;5:5;1:1;7:4;3:2;6:1;2:4
846,3:2;2:4;4:3;6:2
847,1:4;7:5;4:3;3:5;2:1;5:5
848,2:4;7:3;3:3
849,7:1;4:4;5:3
850,3:5;1:2;4:2
851,2:3;3:2;7:2;6:3;4:4
852,3:5;1:1;2:5
853,4:2;6:2;2:5;1:3;3:2;7:5
854,3:1;7:3;2:5
855,3:4;4:4;5:3;6:4;2:2
856,4:5;7:4;1:3;3:1;5:1
857,5:1;3:4;7:3;6:4;2:2;1:2;4:3
858,1:4;6:3;2:3;5:4
859,3:1;7:5;4:2;1:3;2:1;6:1
860,1:5;2:2;5:2;3:1
861,7:4;2:5;1:4
862,4:2;3:5;1:1;6:5;2:1
863,6:1;5:1;3:2;4:1
864,4:1;7:1;5:3;1:3;2:2
865,7:4;5:1;4:4
866,4:2;3:1;5:5;1:3;2:3
867,7:2;5:4;6:4;1:3
868,3:4;4:3;6:5;1:1;2:5
869,4:4;5:1;3:4
870,3:2;1:5;5:4;6:1
871,3:5;7:3;4:1;1:1
872,3:2;5:3;6:4
873,6:1;5:1;7:5
874,7:1;3:4;2:5
875,3:5;2:5;5:4;7:1
876,7:3;6:5;3:2;4:5
877,6:2;3:2;7:5;1:2
878,7:4;2:2;4:1;5:3
879,3:2;5:1;4:4;1:2;2:1
880,7:5;6:3;2:5;3:4;4:4;5:3;1:4
881,4:4;6:2;5:3;3:3;7:4;1:1;2:4
882,2:5;5:3;1:2;4:2;3:2
883,2:1;6:3;7:3
884,2:5;5:5;6:3;7:4;3:3
885,2:4;5:4;7:3;1:4;3:3;6:4;4:1
886,2:2;7:2;5:3;6:3;3:2
887,6:5;7:5;2:2;1:1;5:4
888,6:4;5:5;3:3
889,7:3;2:5;1:3;5:4
890,1:5;2:4;7:4;6:4;3:1;4:1
891,6:4;4:4;3:3;1:1;2:2;7:1;5:1
892,3:2;5:5;4:4;1:2;2:3;7:5;6:5
893,2:3;5:5;6:5;7:1
894,1:1;6:1;4:2
895,3:1;2:1;6:3
896,3:1;1:2;7:1;6:1
897,2:5;3:1;7:4
898,5:5;6:4;7:4;1:5;2:5
899,6:5;1:5;4:5;7:1;3:2;5:4
900,5:4;2:1;7:2;4:1
901,5:5;4:4;3:4;7:2;1:1;6:3;2:4
902,4:2;6:2;5:1;2:4;1:1;7:1
903,3:4;5:1;1:5;6:1;4:2;7:3;2:1
904,4:2;1:4;5:1;3:5;2:1;7:5;6:2
905,2:4;4:3;5:1
906,7:5;5:1;2:3;1:3
907,2:4;4:5;3:5;1:1;5:2
908,5:5;1:2;6:4;7:1;3:3;2:1
909,4:5;2:3;5:1;3:1
910,3:4;5:3;6:5;2:1;4:5
911,1:2;4:2;6:5;5:3;2:3;7:3;3:5
912,6:5;5:2;4:4;3:1;1:3;2:4;7:3
913,2:4;4:4;3:2
914,3:3;7:4;5:5;4:1;2:2
915,7:2;5:4;4:4;1:1;2:4
916,3:3;7:5;2:5;4:1;5:2;1:4;6:4
917,2:5;5:2;1:4;6:2;7:4;3:1;4:3
918,6:1;1:4;3:5;7:4;5:2;4:4;2:3
919,3:1;1:3;5:4;6:4;7:2;4:4;2:2
920,5:4;7:3;4:4;2:1;1:2;6:1
921,7:2;3:2;2:3;6:4;1:5;4:4;5:1
922,6:2;3:3;1:5;2:3
923,3:5;1:1;4:3
924,5:1;3:5;1:2;2:4
925,6:1;1:3;4:4;3:4;2:1
926,4:1;3:5;1:1
927,6:2;1:2;3:5
928,5:1;2:3;1:1;4:2;7:3;3:2;6:4
929,1:4;3:2;6:5;2:5;4:4;7:4
930,2:1;5:3;3:4;4:5;7:4
931,2:1;7:5;5:2;1:4
932,5:4;6:3;2:5
933,6:4;2:3;3:3;4:5;5:2
934,3:5;4:3;7:4;6:2;2:2;1:1;5:5
935,1:3;3:2;5:4;6:5
936,6:1;1:4;4:5
937,7:5;3:5;1:4;5:3;2:5
938,2:4;3:4;6:4;4:5;5:2;7:1;1:2
939,3:2;7:2;2:4;5:1;4:4;6:5;1:2
940,1:2;2:3;3:2
941,2:5;3:5;1:2;6:5;4:2;7:1
942,4:1;2:1;3:4;5:4;1:2;7:4
943,3:4;5:5;7:2;4:5;2:2;6:2
944,1:5;6:2;2:5;5:1;7:2
945,5:3;6:2;4:2
946,4:4;6:4;3:3;2:3;7:4
947,4:3;5:3;1:3;2:1
948,7:2;5:2;6:5;3:2;4:4;1:4
949,2:4;4:1;1:5;5:1;3:5;7:1;6:5
950,4:2;3:4;2:4
951,6:1;4:1;5:2;7:4;3:4;2:1
952,1:5;6:1;5:2
953,3:3;4:5;7:4;5:3
954,3:2;6:4;2:5;5:4;7:3;4:2;1:2
955,3:2;5:2;2:5;4:1;6:4
956,6:2;2:2;3:2
957,1:5;7:3;4:4;5:2
958,5:1;7:5;3:2
959,2:2;3:5;6:4;7:2;4:1;5:2
960,4:4;6:3;1:1
961,7:4;3:5;6:5;4:2;5:3;2:4
962,7:5;1:1;2:4;5:5;3:1;6:3
963,4:4;1:2;3:2;7:2;5:2;6:1
964,5:1;4:1;1:3
965,5:2;4:5;6:4;3:2;7:2;1:1;2:5
966,2:4;6:1;1:1;4:3
967,4:4;5:4;2:4;3:5
968,2:4;5:3;7:4;1:2;4:2;3:1;6:2
969,2:2;7:3;1:1;5:3;4:2
970,1:1;6:1;7:3;5:3;4:5
971,1:5;4:5;3:2;5:2;7:2
972,6:2;4:3;5:4;7:5;2:5;1:1
973,5:4;6:5;1:4;4:4;2:2;3:2;7:5
974,2:4;4:1;3:1;7:5;6:1;1:1;5:3
975,7:5;2:4;1:5;5:4;3:3;6:1;4:3
976,6:5;7:4;5:5
977,6:1;2:1;3:5;5:3;7:2
978,5:1;7:3;3:4;2:3;4:3;6:2
979,3:1;5:2;6:4
980,5:1;2:2;3:1;6:5;4:4;7:3
981,6:2;5:3;7:5;2:3;4:1;3:1
982,2:5;3:1;5:4;7:2;1:2
983,1:2;5:4;4:1;3:2;2:1;7:5
984,3:5;5:1;1:5;6:5;7:1
985,2:4;5:4;3:4;7:4;6:1;1:1
986,5:1;3:5;6:3
987,4:4;7:4;2:3
988,6:4;1:2;7:4;5:2;4:4
989,7:2;4:4;6:2;3:1;1:1;5:5
990,5:5;1:5;7:3;6:1;2:4;4:1
991,3:1;5:4;6:5
992,3:5;2:4;1:4;7:5;4:4
993,3:2;2:3;4:2;5:3;1:5;7:1;6:5
994,2:3;7:3;5:3;1:3;4:1;3:4;6:1
995,1:1;3:1;5:4;4:1
996,2:2;3:1;5:4
997,3:5;4:2;1:4;7:5;6:5
998,6:4;7:3;2:5;4:3;3:1
999,2:5;4:3;5:4;6:2;1:3
1000,2:1;4:4;3:4
